<?xml version="1.0" encoding="UTF-8"?>
<project-private xmlns="http://www.netbeans.org/ns/project-private/1">
    <editor-bookmarks xmlns="http://www.netbeans.org/ns/editor-bookmarks/2" lastBookmarkId="0"/>
    <open-files xmlns="http://www.netbeans.org/ns/projectui-open-files/2">
        <group>
            <file>file:/C:/Users/DHINESH/Desktop/SEMESTER%203/OOP%20with%20Java%20Lab/CAT%202/Inventory%20Management%20System/src/inventorymgmt/CustomerRegister.java</file>
            <file>file:/C:/Users/DHINESH/Desktop/SEMESTER%203/OOP%20with%20Java%20Lab/CAT%202/Inventory%20Management%20System/src/inventorymgmt/Sales.java</file>
            <file>file:/C:/Users/DHINESH/Desktop/SEMESTER%203/OOP%20with%20Java%20Lab/CAT%202/Inventory%20Management%20System/src/inventorymgmt/AdminLogin.java</file>
        </group>
    </open-files>
</project-private>
